#id	chars_count	words_count	sents_count	unique_words_count	lexical_diversity	avg_word_len	avg_sent_len	punct_count	punct_word_ratio	punct_sent_ratio	uppercase_char_count	uppercase_char_ratio	uppercase_word_count	uppercase_word_ratio	conjunction_count	conjunction_word_ratio	adverb_count	adverb_word_ratio	pronoun_count	pronoun_word_ratio	misspelled_count	misspelled_word_ratio	exclamation_count	question_count	sentiment_score	conclusion_reasons_jaccard_sim	conclusion_reasons_char_count_ratio	conclusion_reason_word_count_ratio
1191878965	448	98	7	39	0.8478260869565217	5.130434782608695	6.571428571428571	13	0.1326530612244898	1.8571428571428568	0	0.0	0	0.0	4	0.0408163265306122	8	0.0816326530612244	12	0.1224489795918367	2	0.0204081632653061	0	1	-0.9405	0.0422535211267605	0.0334821428571428	0.0408163265306122
12365	160	32	2	14	0.9333333333333332	6.533333333333333	7.5	6	0.1875	3.0	10	0.0625	0	0.0	0	0.0	1	0.03125	3	0.09375	3	0.09375	0	0	0.128	0.0588235294117647	0.25625	0.21875
12367	170	36	2	19	0.9047619047619048	5.428571428571429	10.5	10	0.2777777777777778	5.0	7	0.0411764705882352	0	0.0	1	0.0277777777777777	0	0.0	0	0.0	3	0.0833333333333333	0	0	0.3612	0.0571428571428571	0.2411764705882353	0.1944444444444444
12371	386	75	4	31	0.8157894736842105	6.2105263157894735	9.5	11	0.1466666666666666	2.75	17	0.044041450777202	0	0.0	1	0.0133333333333333	6	0.08	4	0.0533333333333333	6	0.08	0	0	0.9109	0.0862068965517241	0.1062176165803108	0.0933333333333333
12380	536	126	7	47	0.7580645161290323	4.693548387096774	8.857142857142858	22	0.1746031746031746	3.142857142857143	28	0.0522388059701492	0	0.0	3	0.0238095238095238	14	0.1111111111111111	11	0.0873015873015873	6	0.0476190476190476	0	0	0.8758	0.0602409638554216	0.0764925373134328	0.0555555555555555
12383	194	45	2	18	0.9	4.85	10.0	2	0.0444444444444444	1.0	9	0.0463917525773195	0	0.0	3	0.0666666666666666	2	0.0444444444444444	4	0.0888888888888888	2	0.0444444444444444	0	0	0.5023	0.0714285714285714	0.211340206185567	0.1555555555555555
12388	284	48	2	24	0.8888888888888888	6.814814814814815	13.5	3	0.0625	1.5	8	0.028169014084507	0	0.0	2	0.0416666666666666	0	0.0	2	0.0416666666666666	2	0.0416666666666666	0	0	0.926	0.0666666666666666	0.1443661971830986	0.1458333333333333
12402	304	63	6	29	0.8787878787878788	5.909090909090909	5.5	15	0.238095238095238	2.5	6	0.0197368421052631	0	0.0	4	0.0634920634920634	4	0.0634920634920634	0	0.0	1	0.0158730158730158	0	0	0.4215	0.0769230769230769	0.1019736842105263	0.0952380952380952
12414	385	84	6	30	0.8823529411764706	5.794117647058823	5.666666666666667	20	0.238095238095238	3.333333333333333	8	0.0207792207792207	0	0.0	5	0.0595238095238095	4	0.0476190476190476	8	0.0952380952380952	1	0.0119047619047619	0	0	-0.6887	0.0461538461538461	0.0805194805194805	0.0714285714285714
12421	392	79	5	22	0.7333333333333333	7.0	6.0	18	0.2278481012658227	3.6	5	0.0127551020408163	0	0.0	4	0.050632911392405	5	0.0632911392405063	5	0.0632911392405063	2	0.0253164556962025	0	1	-0.2057	0.0363636363636363	0.0790816326530612	0.0759493670886076
12430	513	108	5	45	0.8490566037735849	5.490566037735849	10.6	25	0.2314814814814814	5.0	6	0.0116959064327485	0	0.0	0	0.0	12	0.1111111111111111	3	0.0277777777777777	3	0.0277777777777777	0	0	0.346	0.0121951219512195	0.0604288499025341	0.0555555555555555
12431	501	87	6	32	0.7804878048780488	8.146341463414634	6.833333333333333	23	0.264367816091954	3.8333333333333335	6	0.0119760479041916	0	0.0	6	0.0689655172413793	5	0.057471264367816	4	0.0459770114942528	5	0.057471264367816	0	0	-0.3612	0.0461538461538461	0.06187624750499	0.0689655172413793
12466	265	58	4	22	0.88	5.96	6.25	14	0.2413793103448276	3.5	0	0.0	0	0.0	1	0.0172413793103448	2	0.0344827586206896	6	0.1034482758620689	3	0.0517241379310344	0	0	-0.4417	0.0392156862745098	0.1169811320754717	0.1034482758620689
12567	454	91	5	33	0.7674418604651163	5.883720930232558	8.6	12	0.1318681318681318	2.4	10	0.0220264317180616	0	0.0	2	0.0219780219780219	6	0.0659340659340659	4	0.0439560439560439	3	0.0329670329670329	0	0	-0.2828	0.0597014925373134	0.1299559471365639	0.1318681318681318
12580	658	146	6	49	0.7903225806451613	5.67741935483871	10.333333333333334	49	0.3356164383561644	8.166666666666666	13	0.019756838905775	0	0.0	6	0.0410958904109589	9	0.0616438356164383	19	0.1301369863013698	3	0.0205479452054794	0	4	0.9269	0.0202020202020202	0.0896656534954407	0.0821917808219178
12589	387	87	6	31	0.7560975609756098	5.365853658536586	6.833333333333333	24	0.2758620689655172	4.0	6	0.0155038759689922	0	0.0	2	0.0229885057471264	11	0.1264367816091954	6	0.0689655172413793	2	0.0229885057471264	0	5	-0.3527	0.0149253731343283	0.1524547803617571	0.1379310344827586
12592	87	16	1	7	1.0	6.714285714285714	7.0	0	0.0	0.0	1	0.0114942528735632	0	0.0	0	0.0	1	0.0625	2	0.125	0	0.0	0	0	0.0	0.0	0.6781609195402298	0.75
13259	230	53	1	18	1.0	5.111111111111111	18.0	7	0.1320754716981132	7.0	1	0.0043478260869565	0	0.0	1	0.0188679245283018	4	0.0754716981132075	8	0.1509433962264151	0	0.0	0	0	-0.8319	0.0444444444444444	0.0782608695652174	0.0754716981132075
13260	437	105	5	32	0.7619047619047619	5.190476190476191	8.4	38	0.3619047619047619	7.6	6	0.0137299771167048	0	0.0	4	0.0380952380952381	6	0.0571428571428571	6	0.0571428571428571	7	0.0666666666666666	0	0	0.3602	0.0289855072463768	0.0411899313501144	0.0380952380952381
13270	322	68	4	28	0.8484848484848485	5.333333333333333	8.25	8	0.1176470588235294	2.0	4	0.0124223602484472	0	0.0	0	0.0	7	0.1029411764705882	5	0.0735294117647058	0	0.0	0	0	-0.9706	0.0384615384615384	0.0559006211180124	0.0588235294117647
13275	569	144	6	36	0.631578947368421	4.631578947368421	9.5	38	0.2638888888888889	6.333333333333333	19	0.0333919156414762	0	0.0	0	0.0	9	0.0625	11	0.0763888888888889	1	0.0069444444444444	0	0	-0.9117	0.028169014084507	0.031634446397188	0.0277777777777777
13279	130	30	2	9	0.9	5.1	5.0	5	0.1666666666666666	2.5	3	0.023076923076923	0	0.0	0	0.0	1	0.0333333333333333	3	0.1	0	0.0	0	1	-0.743	0.0333333333333333	0.1384615384615384	0.1333333333333333
13989	252	54	5	22	1.0	6.090909090909091	4.4	10	0.1851851851851851	2.0	7	0.0277777777777777	0	0.0	0	0.0	4	0.074074074074074	5	0.0925925925925925	0	0.0	0	4	0.755	0.0408163265306122	0.0753968253968253	0.0925925925925925
13993	62	17	2	4	0.8	5.2	2.5	3	0.1764705882352941	1.5	2	0.032258064516129	0	0.0	0	0.0	2	0.1176470588235294	1	0.0588235294117647	0	0.0	0	0	0.4419	0.2666666666666666	0.3064516129032258	0.2941176470588235
13998	316	78	6	27	0.9	4.733333333333333	5.0	9	0.1153846153846153	1.5	0	0.0	0	0.0	6	0.0769230769230769	5	0.0641025641025641	10	0.1282051282051282	1	0.0128205128205128	0	0	0.9729	0.0363636363636363	0.060126582278481	0.0641025641025641
14000	220	49	3	20	0.8695652173913043	5.3478260869565215	7.666666666666667	10	0.2040816326530612	3.333333333333333	3	0.0136363636363636	0	0.0	3	0.0612244897959183	3	0.0612244897959183	4	0.0816326530612244	0	0.0	0	0	-0.359	0.1081081081081081	0.0863636363636363	0.1020408163265306
14002	384	84	3	28	0.8235294117647058	6.0588235294117645	11.333333333333334	17	0.2023809523809523	5.666666666666667	3	0.0078125	0	0.0	4	0.0476190476190476	5	0.0595238095238095	5	0.0595238095238095	1	0.0119047619047619	0	0	0.1154	0.032258064516129	0.0494791666666666	0.0595238095238095
14003	164	32	1	17	1.0	5.764705882352941	17.0	2	0.0625	2.0	3	0.0182926829268292	0	0.0	0	0.0	0	0.0	0	0.0	0	0.0	0	0	-0.3818	0.0294117647058823	0.1158536585365853	0.15625
14007	135	34	2	13	0.8666666666666667	4.466666666666667	7.5	10	0.2941176470588235	5.0	2	0.0148148148148148	0	0.0	0	0.0	5	0.1470588235294117	5	0.1470588235294117	1	0.0294117647058823	0	0	-0.3063	0.1333333333333333	0.1407407407407407	0.1470588235294117
1633	310	62	2	22	0.9166666666666666	6.166666666666667	12.0	5	0.0806451612903225	2.5	2	0.0064516129032258	0	0.0	4	0.064516129032258	2	0.032258064516129	7	0.1129032258064516	0	0.0	0	0	-0.9618	0.0434782608695652	0.0709677419354838	0.0806451612903225
1641	351	68	2	23	0.8518518518518519	6.7407407407407405	13.5	11	0.1617647058823529	5.5	4	0.0113960113960113	0	0.0	0	0.0	7	0.1029411764705882	7	0.1029411764705882	3	0.0441176470588235	0	0	-0.6478	0.0392156862745098	0.0626780626780626	0.0735294117647058
1661	235	50	4	15	0.8333333333333334	6.333333333333333	4.5	4	0.08	1.0	7	0.0297872340425531	0	0.0	2	0.04	3	0.06	2	0.04	0	0.0	0	0	0.0	0.0833333333333333	0.0936170212765957	0.1
1683	140	28	2	12	1.0	6.666666666666667	6.0	5	0.1785714285714285	2.5	5	0.0357142857142857	0	0.0	0	0.0	1	0.0357142857142857	1	0.0357142857142857	1	0.0357142857142857	0	0	0.4767	0.074074074074074	0.1571428571428571	0.1785714285714285
2137504198	477	99	6	41	0.9111111111111112	5.688888888888889	7.5	15	0.1515151515151515	2.5	13	0.0272536687631027	0	0.0	3	0.0303030303030303	8	0.0808080808080808	2	0.0202020202020202	1	0.0101010101010101	0	1	-0.9592	0.0266666666666666	0.0314465408805031	0.0404040404040404
27868	206	43	3	19	1.0	5.947368421052632	6.333333333333333	7	0.1627906976744186	2.333333333333333	0	0.0	0	0.0	2	0.0465116279069767	1	0.0232558139534883	1	0.0232558139534883	1	0.0232558139534883	0	0	0.4404	0.0285714285714285	0.0728155339805825	0.0930232558139534
28068	580	110	7	38	0.76	6.9	7.142857142857143	22	0.2	3.142857142857143	7	0.0120689655172413	0	0.0	3	0.0272727272727272	5	0.0454545454545454	2	0.0181818181818181	1	0.009090909090909	0	0	0.9781	0.0259740259740259	0.1017241379310344	0.109090909090909
28415	334	70	3	23	0.8518518518518519	6.555555555555555	9.0	10	0.1428571428571428	3.333333333333333	4	0.0119760479041916	0	0.0	2	0.0285714285714285	5	0.0714285714285714	4	0.0571428571428571	2	0.0285714285714285	0	1	0.5477	0.0344827586206896	0.0658682634730539	0.0714285714285714
28498	287	73	4	23	0.8214285714285714	4.857142857142857	7.0	23	0.3150684931506849	5.75	6	0.0209059233449477	0	0.0	5	0.0684931506849315	2	0.0273972602739726	8	0.1095890410958904	1	0.0136986301369863	0	0	0.1531	0.0181818181818181	0.0766550522648083	0.0684931506849315
29278	383	74	5	31	0.775	5.925	8.0	6	0.081081081081081	1.2	5	0.0130548302872062	0	0.0	5	0.0675675675675675	5	0.0675675675675675	1	0.0135135135135135	0	0.0	0	0	0.8652	0.0833333333333333	0.0391644908616188	0.054054054054054
29393	360	74	4	27	0.7714285714285715	5.485714285714286	8.75	8	0.1081081081081081	2.0	4	0.0111111111111111	0	0.0	4	0.054054054054054	5	0.0675675675675675	6	0.081081081081081	0	0.0	0	0	-0.3612	0.0816326530612244	0.0416666666666666	0.054054054054054
30319	549	111	6	42	0.8571428571428571	5.571428571428571	8.166666666666666	10	0.09009009009009	1.6666666666666667	10	0.0182149362477231	0	0.0	3	0.027027027027027	4	0.036036036036036	8	0.072072072072072	0	0.0	0	0	-0.8402	0.0259740259740259	0.0327868852459016	0.036036036036036
30529	220	46	2	14	0.7777777777777778	5.777777777777778	9.0	2	0.0434782608695652	1.0	5	0.0227272727272727	0	0.0	0	0.0	2	0.0434782608695652	3	0.0652173913043478	0	0.0	0	1	0.5574	0.1081081081081081	0.1409090909090909	0.1304347826086956
31527	389	72	3	29	0.8787878787878788	6.909090909090909	11.0	8	0.1111111111111111	2.6666666666666665	11	0.0282776349614395	0	0.0	2	0.0277777777777777	3	0.0416666666666666	3	0.0416666666666666	0	0.0	0	0	0.6486	0.0714285714285714	0.0796915167095115	0.0833333333333333
33187	245	50	2	25	1.0	5.92	12.5	8	0.16	4.0	7	0.0285714285714285	0	0.0	1	0.02	2	0.04	9	0.18	4	0.08	0	0	0.5232	0.0217391304347826	0.1673469387755102	0.14
33506	302	64	4	25	0.8928571428571429	5.892857142857143	7.0	9	0.140625	2.25	4	0.0132450331125827	0	0.0	1	0.015625	3	0.046875	3	0.046875	0	0.0	0	0	-0.2263	0.0888888888888888	0.1026490066225165	0.09375
33757	244	56	4	22	1.0	5.363636363636363	5.5	8	0.1428571428571428	2.0	6	0.0245901639344262	0	0.0	2	0.0357142857142857	5	0.0892857142857142	6	0.1071428571428571	2	0.0357142857142857	1	0	0.7707	0.0851063829787234	0.1680327868852459	0.125
37675	268	66	7	20	0.8	4.92	3.571428571428572	12	0.1818181818181818	1.7142857142857142	9	0.0335820895522388	0	0.0	2	0.0303030303030303	4	0.0606060606060606	9	0.1363636363636363	1	0.0151515151515151	0	2	-0.9348	0.119047619047619	0.0708955223880597	0.0757575757575757
37929	531	102	3	47	0.8867924528301887	5.6415094339622645	17.666666666666668	10	0.0980392156862745	3.333333333333333	4	0.007532956685499	0	0.0	5	0.0490196078431372	13	0.1274509803921568	3	0.0294117647058823	4	0.0392156862745098	0	0	-0.2204	0.0526315789473684	0.0414312617702448	0.0490196078431372
389	143	26	1	13	0.9285714285714286	5.928571428571429	14.0	1	0.0384615384615384	1.0	3	0.0209790209790209	0	0.0	0	0.0	1	0.0384615384615384	3	0.1153846153846153	3	0.1153846153846153	0	0	0.2006	0.1153846153846153	0.2867132867132867	0.2692307692307692
390	582	132	5	47	0.7966101694915254	5.3559322033898304	11.8	34	0.2575757575757575	6.8	10	0.0171821305841924	0	0.0	5	0.0378787878787878	10	0.0757575757575757	8	0.0606060606060606	6	0.0454545454545454	0	0	0.9523	0.0357142857142857	0.070446735395189	0.053030303030303
39342	576	118	6	51	0.8947368421052632	5.807017543859649	9.5	19	0.1610169491525423	3.1666666666666665	1	0.0017361111111111	0	0.0	5	0.0423728813559322	9	0.0762711864406779	8	0.0677966101694915	4	0.0338983050847457	0	0	-0.9765	0.0375	0.0260416666666666	0.0338983050847457
405	523	111	8	41	0.8541666666666666	5.9375	6.0	19	0.1711711711711711	2.375	15	0.02868068833652	0	0.0	2	0.018018018018018	10	0.09009009009009	11	0.0990990990990991	5	0.045045045045045	0	1	0.9842	0.0909090909090909	0.0783938814531548	0.063063063063063
415	72	15	1	8	1.0	5.75	8.0	4	0.2666666666666666	4.0	6	0.0833333333333333	0	0.0	0	0.0	2	0.1333333333333333	0	0.0	0	0.0	1	0	0.6815	0.1	0.5694444444444444	0.4666666666666667
42624	545	117	6	39	0.6964285714285714	5.5	9.333333333333334	26	0.2222222222222222	4.333333333333333	10	0.018348623853211	0	0.0	2	0.017094017094017	7	0.0598290598290598	7	0.0598290598290598	1	0.0085470085470085	0	1	0.9375	0.0533333333333333	0.0568807339449541	0.0512820512820512
44125	199	27	1	12	0.9230769230769232	11.923076923076923	13.0	22	0.8148148148148148	22.0	2	0.0100502512562814	0	0.0	0	0.0	1	0.037037037037037	3	0.1111111111111111	1	0.037037037037037	0	0	0.0	0.0303030303030303	0.2964824120603015	0.4444444444444444
458	256	52	4	20	0.8695652173913043	5.826086956521739	5.75	5	0.0961538461538461	1.25	5	0.01953125	0	0.0	1	0.0192307692307692	3	0.0576923076923076	2	0.0384615384615384	3	0.0576923076923076	1	0	0.4753	0.0434782608695652	0.16015625	0.1346153846153846
460	328	72	5	31	0.9117647058823528	4.970588235294118	6.8	8	0.1111111111111111	1.6	7	0.0213414634146341	0	0.0	3	0.0416666666666666	6	0.0833333333333333	4	0.0555555555555555	5	0.0694444444444444	0	1	0.9102	0.0333333333333333	0.125	0.0972222222222222
46238	583	129	6	49	0.9074074074074074	5.314814814814815	9.0	25	0.1937984496124031	4.166666666666667	15	0.0257289879931389	0	0.0	2	0.0155038759689922	2	0.0155038759689922	5	0.0387596899224806	4	0.0310077519379844	0	1	0.8893	0.0434782608695652	0.0531732418524871	0.0465116279069767
468	95	16	1	9	0.9	6.1	10.0	0	0.0	0.0	1	0.0105263157894736	0	0.0	0	0.0	0	0.0	1	0.0625	1	0.0625	0	0	0.5719	0.05	0.431578947368421	0.4375
477	535	112	4	43	0.86	5.84	12.5	21	0.1875	5.25	20	0.0373831775700934	0	0.0	5	0.0446428571428571	7	0.0625	6	0.0535714285714285	7	0.0625	0	1	0.918	0.037037037037037	0.0766355140186915	0.0625
530	401	84	3	40	0.9523809523809524	6.190476190476191	14.0	20	0.238095238095238	6.666666666666667	15	0.0374064837905236	0	0.0	1	0.0119047619047619	2	0.0238095238095238	3	0.0357142857142857	3	0.0357142857142857	2	0	0.8353	0.0461538461538461	0.0773067331670823	0.0714285714285714
54187	446	100	9	28	0.8	5.942857142857143	3.888888888888889	13	0.13	1.4444444444444444	9	0.0201793721973094	0	0.0	8	0.08	7	0.07	6	0.06	1	0.01	0	0	0.5719	0.064516129032258	0.0336322869955156	0.04
54474	401	87	5	35	0.8974358974358975	5.487179487179487	7.8	12	0.1379310344827586	2.4	5	0.0124688279301745	0	0.0	1	0.0114942528735632	10	0.1149425287356321	6	0.0689655172413793	2	0.0229885057471264	0	1	-0.8957	0.028169014084507	0.0448877805486284	0.0459770114942528
54763	149	29	1	12	0.8	5.866666666666666	15.0	5	0.1724137931034483	5.0	3	0.0201342281879194	0	0.0	0	0.0	9	0.3103448275862069	3	0.1034482758620689	1	0.0344827586206896	0	0	0.7082	0.1666666666666666	0.1275167785234899	0.1724137931034483
578317615	543	100	7	47	0.8867924528301887	6.471698113207547	7.571428571428571	12	0.12	1.7142857142857142	9	0.0165745856353591	0	0.0	2	0.02	6	0.06	3	0.03	0	0.0	0	0	0.8361	0.0617283950617283	0.1915285451197053	0.16
63084	378	78	5	30	0.8571428571428571	5.857142857142857	7.0	10	0.1282051282051282	2.0	5	0.0132275132275132	0	0.0	5	0.0641025641025641	5	0.0641025641025641	8	0.1025641025641025	1	0.0128205128205128	0	1	0.4193	0.0634920634920634	0.082010582010582	0.0769230769230769
63512	395	85	6	37	0.925	5.0	6.666666666666667	10	0.1176470588235294	1.6666666666666667	8	0.020253164556962	0	0.0	3	0.0352941176470588	4	0.0470588235294117	9	0.1058823529411764	0	0.0	0	0	-0.9354	0.0285714285714285	0.0556962025316455	0.0588235294117647
65125	86	16	1	10	1.0	5.3	10.0	0	0.0	0.0	1	0.0116279069767441	0	0.0	2	0.125	1	0.0625	2	0.125	2	0.125	0	0	0.6369	0.0	0.4767441860465116	0.4375
65191	92	21	1	10	1.0	5.9	10.0	4	0.1904761904761904	4.0	7	0.0760869565217391	0	0.0	1	0.0476190476190476	1	0.0476190476190476	3	0.1428571428571428	2	0.0952380952380952	0	0	0.1406	0.1363636363636363	0.4456521739130434	0.3333333333333333
67160	206	46	4	18	1.0	4.833333333333333	4.5	4	0.0869565217391304	1.0	1	0.0048543689320388	0	0.0	0	0.0	9	0.1956521739130435	4	0.0869565217391304	3	0.0652173913043478	4	0	0.453	0.0697674418604651	0.1504854368932038	0.1304347826086956
69016	117	25	2	9	1.0	5.888888888888889	4.5	2	0.08	1.0	2	0.017094017094017	0	0.0	2	0.08	2	0.08	4	0.16	0	0.0	0	2	-0.5362	0.12	0.188034188034188	0.2
69708	56	15	2	6	1.0	4.833333333333333	3.0	5	0.3333333333333333	2.5	3	0.0535714285714285	0	0.0	0	0.0	1	0.0666666666666666	2	0.1333333333333333	1	0.0666666666666666	0	1	-0.4767	0.1052631578947368	0.5535714285714286	0.4
70668	272	63	3	20	0.7692307692307693	5.769230769230769	8.666666666666666	14	0.2222222222222222	4.666666666666667	5	0.0183823529411764	0	0.0	3	0.0476190476190476	1	0.0158730158730158	4	0.0634920634920634	1	0.0158730158730158	0	0	-0.9313	0.0454545454545454	0.0661764705882353	0.0634920634920634
70818	64	11	1	6	1.0	7.0	6.0	1	0.0909090909090909	1.0	1	0.015625	0	0.0	0	0.0	0	0.0	1	0.0909090909090909	2	0.1818181818181818	0	0	0.0	0.0	0.921875	1.0909090909090908
70855	344	79	7	21	0.84	5.08	3.571428571428572	14	0.1772151898734177	2.0	10	0.0290697674418604	0	0.0	2	0.0253164556962025	7	0.0886075949367088	7	0.0886075949367088	0	0.0	0	2	0.5104	0.0615384615384615	0.1715116279069767	0.1518987341772152
71467	109	23	1	7	0.875	6.125	8.0	1	0.0434782608695652	1.0	6	0.055045871559633	0	0.0	0	0.0	1	0.0434782608695652	2	0.0869565217391304	0	0.0	0	0	0.2648	0.0384615384615384	0.3761467889908257	0.3043478260869565
71559	419	88	5	30	0.9375	6.28125	6.4	7	0.0795454545454545	1.4	8	0.0190930787589498	0	0.0	3	0.034090909090909	5	0.0568181818181818	8	0.0909090909090909	0	0.0	0	2	0.7111	0.0428571428571428	0.1408114558472553	0.1363636363636363
71821	240	53	2	27	0.84375	4.375	16.0	6	0.1132075471698113	3.0	187	0.7791666666666667	0	0.0	0	0.0	0	0.0	0	0.0	2	0.0377358490566037	3	0	-0.8412	0.0	0.0625	0.0754716981132075
71943	222	60	2	16	0.6956521739130435	4.739130434782608	11.5	23	0.3833333333333333	11.5	8	0.036036036036036	0	0.0	2	0.0333333333333333	2	0.0333333333333333	5	0.0833333333333333	1	0.0166666666666666	0	0	-0.34	0.0526315789473684	0.0675675675675675	0.0666666666666666
73596	543	121	4	44	0.8301886792452831	5.30188679245283	13.25	20	0.1652892561983471	5.0	3	0.005524861878453	0	0.0	7	0.0578512396694214	14	0.1157024793388429	11	0.0909090909090909	1	0.0082644628099173	2	0	0.6103	0.0357142857142857	0.0349907918968692	0.0413223140495867
73625	568	123	14	41	0.7454545454545455	5.290909090909091	3.928571428571429	17	0.1382113821138211	1.2142857142857142	14	0.0246478873239436	0	0.0	1	0.008130081300813	8	0.065040650406504	10	0.08130081300813	3	0.024390243902439	0	5	0.404	0.0263157894736842	0.0545774647887323	0.048780487804878
74039	370	80	3	25	0.8064516129032258	5.290322580645161	10.333333333333334	17	0.2125	5.666666666666667	3	0.0081081081081081	0	0.0	3	0.0375	4	0.05	11	0.1375	1	0.0125	0	1	0.6853	0.0338983050847457	0.0594594594594594	0.0625
75146	155	31	1	13	1.0	6.0	13.0	0	0.0	0.0	0	0.0	0	0.0	0	0.0	1	0.032258064516129	3	0.0967741935483871	0	0.0	0	0	-0.8807	0.0333333333333333	0.1161290322580645	0.1290322580645161
76359	116	24	3	10	1.0	6.5	3.333333333333333	5	0.2083333333333333	1.6666666666666667	5	0.043103448275862	0	0.0	2	0.0833333333333333	3	0.125	3	0.125	3	0.125	0	0	0.8569	0.16	0.3534482758620689	0.2916666666666667
76758	569	118	12	47	0.8545454545454545	5.472727272727273	4.583333333333333	23	0.1949152542372881	1.9166666666666667	13	0.0228471001757469	0	0.0	6	0.0508474576271186	7	0.059322033898305	15	0.1271186440677966	3	0.0254237288135593	0	1	0.9664	0.0617283950617283	0.0544815465729349	0.0508474576271186
76796	578	120	8	43	0.8269230769230769	6.25	6.5	22	0.1833333333333333	2.75	10	0.0173010380622837	0	0.0	3	0.025	10	0.0833333333333333	15	0.125	1	0.0083333333333333	0	0	-0.3786	0.0229885057471264	0.0536332179930795	0.05
76937	99	19	2	11	1.0	5.909090909090909	5.5	3	0.1578947368421052	1.5	2	0.0202020202020202	0	0.0	0	0.0	0	0.0	2	0.1052631578947368	1	0.0526315789473684	0	0	-0.6908	0.1	0.1818181818181818	0.2105263157894736
794	492	88	7	36	0.8372093023255814	6.604651162790698	6.142857142857143	11	0.125	1.5714285714285714	6	0.0121951219512195	0	0.0	2	0.0227272727272727	7	0.0795454545454545	7	0.0795454545454545	2	0.0227272727272727	0	0	0.5563	0.056338028169014	0.2113821138211382	0.1818181818181818
79734	159	34	1	18	1.0	5.277777777777778	18.0	15	0.4411764705882353	15.0	1	0.0062893081761006	0	0.0	1	0.0294117647058823	2	0.0588235294117647	3	0.088235294117647	6	0.1764705882352941	0	0	0.7425	0.0606060606060606	0.0943396226415094	0.1176470588235294
79918	190	40	2	20	1.0	5.3	10.0	4	0.1	2.0	1	0.0052631578947368	0	0.0	0	0.0	7	0.175	6	0.15	1	0.025	0	0	0.6369	0.0425531914893617	0.5473684210526316	0.4
800	642	134	8	48	0.7058823529411765	5.897058823529412	8.5	43	0.3208955223880597	5.375	25	0.0389408099688473	0	0.0	5	0.0373134328358208	8	0.0597014925373134	4	0.0298507462686567	4	0.0298507462686567	0	1	-0.5423	0.0425531914893617	0.1619937694704049	0.1194029850746268
804	428	87	7	30	0.8108108108108109	6.72972972972973	5.285714285714286	23	0.264367816091954	3.2857142857142856	8	0.0186915887850467	0	0.0	3	0.0344827586206896	4	0.0459770114942528	7	0.0804597701149425	2	0.0229885057471264	0	0	-0.4404	0.0441176470588235	0.2429906542056074	0.1839080459770115
80510	116	22	1	10	1.0	6.4	10.0	1	0.0454545454545454	1.0	1	0.0086206896551724	0	0.0	1	0.0454545454545454	1	0.0454545454545454	2	0.0909090909090909	1	0.0454545454545454	0	0	0.7906	0.0416666666666666	0.2672413793103448	0.2727272727272727
80854	647	126	6	47	0.8703703703703703	6.407407407407407	9.0	20	0.1587301587301587	3.333333333333333	7	0.0108191653786707	0	0.0	5	0.0396825396825396	10	0.0793650793650793	1	0.0079365079365079	1	0.0079365079365079	0	0	0.7003	0.0674157303370786	0.160741885625966	0.1269841269841269
814	398	73	8	24	0.7741935483870968	7.32258064516129	3.875	11	0.1506849315068493	1.375	10	0.0251256281407035	0	0.0	0	0.0	2	0.0273972602739726	4	0.0547945205479452	1	0.0136986301369863	0	0	0.4939	0.032258064516129	0.2613065326633166	0.2191780821917808
817	311	52	4	22	0.9166666666666666	8.458333333333334	6.0	15	0.2884615384615384	3.75	7	0.022508038585209	0	0.0	1	0.0192307692307692	0	0.0	5	0.0961538461538461	1	0.0192307692307692	0	0	0.3612	0.0526315789473684	0.3344051446945337	0.3076923076923077
822	297	67	5	30	0.9375	5.5	6.4	17	0.2537313432835821	3.4	8	0.0269360269360269	0	0.0	3	0.044776119402985	6	0.0895522388059701	6	0.0895522388059701	1	0.0149253731343283	0	1	0.8338	0.0579710144927536	0.3501683501683502	0.2388059701492537
823	231	55	5	16	0.6666666666666666	4.708333333333333	4.8	16	0.2909090909090909	3.2	44	0.1904761904761904	0	0.0	1	0.0181818181818181	5	0.0909090909090909	3	0.0545454545454545	1	0.0181818181818181	0	3	-0.4384	0.04	0.4502164502164502	0.2909090909090909
arg106091	335	56	3	29	0.90625	7.40625	10.666666666666666	6	0.1071428571428571	2.0	5	0.0149253731343283	0	0.0	5	0.0892857142857142	1	0.0178571428571428	1	0.0178571428571428	0	0.0	0	0	0.6249	0.0851063829787234	0.1283582089552238	0.1607142857142857
arg106426	207	52	4	19	0.9047619047619048	4.571428571428571	5.25	15	0.2884615384615384	3.75	6	0.0289855072463768	0	0.0	2	0.0384615384615384	4	0.0769230769230769	4	0.0769230769230769	1	0.0192307692307692	0	1	-0.5023	0.1162790697674418	0.2077294685990338	0.173076923076923
arg107445	85	17	1	8	1.0	5.875	8.0	1	0.0588235294117647	1.0	2	0.0235294117647058	0	0.0	0	0.0	0	0.0	0	0.0	2	0.1176470588235294	0	0	0.0	0.1904761904761904	0.5882352941176471	0.4705882352941176
arg107456	578	119	4	43	0.7818181818181819	5.345454545454546	13.75	12	0.1008403361344537	3.0	10	0.0173010380622837	0	0.0	4	0.0336134453781512	10	0.0840336134453781	8	0.0672268907563025	1	0.0084033613445378	0	0	0.9424	0.0493827160493827	0.0865051903114186	0.0672268907563025
arg108959	83	16	1	7	0.875	6.0	8.0	0	0.0	0.0	0	0.0	0	0.0	2	0.125	0	0.0	0	0.0	1	0.0625	0	0	0.431	0.0	0.6265060240963856	0.75
arg108968	342	78	4	25	0.625	5.025	10.0	23	0.2948717948717949	5.75	15	0.043859649122807	0	0.0	0	0.0	2	0.0256410256410256	2	0.0256410256410256	3	0.0384615384615384	0	0	-0.5267	0.08	0.1520467836257309	0.1538461538461538
arg110967	317	63	5	23	0.8846153846153846	5.923076923076923	5.2	6	0.0952380952380952	1.2	0	0.0	0	0.0	1	0.0158730158730158	3	0.0476190476190476	6	0.0952380952380952	1	0.0158730158730158	0	0	0.8074	0.0833333333333333	0.1703470031545741	0.1428571428571428
arg116888	531	105	9	39	0.8297872340425532	6.319148936170213	5.222222222222222	17	0.1619047619047619	1.8888888888888888	17	0.032015065913371	0	0.0	2	0.019047619047619	7	0.0666666666666666	3	0.0285714285714285	5	0.0476190476190476	0	1	0.8722	0.1126760563380281	0.0809792843691148	0.0857142857142857
arg118518	457	91	5	34	0.7555555555555555	5.822222222222222	9.0	18	0.1978021978021978	3.6	7	0.0153172866520787	0	0.0	5	0.0549450549450549	7	0.0769230769230769	5	0.0549450549450549	2	0.0219780219780219	0	2	0.6304	0.1333333333333333	0.1137855579868709	0.1318681318681318
arg118660	329	71	2	27	0.6923076923076923	4.794871794871795	19.5	4	0.056338028169014	2.0	8	0.0243161094224924	0	0.0	0	0.0	1	0.0140845070422535	4	0.056338028169014	2	0.028169014084507	0	0	0.7096	0.1458333333333333	0.1580547112462006	0.1690140845070422
arg122478	351	83	6	32	0.8	4.925	6.666666666666667	21	0.253012048192771	3.5	0	0.0	0	0.0	1	0.0120481927710843	2	0.0240963855421686	5	0.0602409638554216	5	0.0602409638554216	0	0	-0.1306	0.0833333333333333	0.1481481481481481	0.144578313253012
arg123380	227	42	2	19	0.95	6.65	10.0	3	0.0714285714285714	1.5	1	0.0044052863436123	0	0.0	1	0.0238095238095238	4	0.0952380952380952	2	0.0476190476190476	2	0.0476190476190476	0	0	0.1964	0.1666666666666666	0.1894273127753304	0.2142857142857142
arg126374	298	58	1	25	0.8333333333333334	6.2	30.0	54	0.9310344827586208	54.0	7	0.023489932885906	0	0.0	3	0.0517241379310344	6	0.1034482758620689	1	0.0172413793103448	5	0.0862068965517241	0	0	0.2014	0.108695652173913	0.1442953020134228	0.1551724137931034
arg126375	636	141	2	46	0.7419354838709677	5.451612903225806	31.0	46	0.3262411347517731	23.0	48	0.0754716981132075	0	0.0	5	0.0354609929078014	19	0.1347517730496454	6	0.0425531914893617	6	0.0425531914893617	2	0	-0.805	0.0721649484536082	0.0817610062893081	0.0851063829787234
arg126378	648	118	5	62	0.8732394366197183	6.267605633802817	14.2	17	0.1440677966101695	3.4	21	0.0324074074074074	0	0.0	3	0.0254237288135593	5	0.0423728813559322	1	0.0084745762711864	4	0.0338983050847457	0	0	0.9468	0.0697674418604651	0.066358024691358	0.0762711864406779
arg132199	689	125	3	58	0.90625	6.875	21.33333333333333	20	0.16	6.666666666666667	17	0.0246734397677793	0	0.0	1	0.008	9	0.072	8	0.064	17	0.136	0	0	0.9716	0.0412371134020618	0.0754716981132075	0.096
arg132483	565	138	7	54	0.84375	4.703125	9.142857142857142	47	0.3405797101449275	6.714285714285714	19	0.0336283185840707	0	0.0	5	0.036231884057971	4	0.0289855072463768	17	0.1231884057971014	12	0.0869565217391304	4	4	-0.8744	0.0306122448979591	0.0761061946902654	0.0652173913043478
arg135637	151	35	5	16	1.0	5.375	3.2	8	0.2285714285714285	1.6	8	0.0529801324503311	0	0.0	0	0.0	3	0.0857142857142857	1	0.0285714285714285	1	0.0285714285714285	0	0	-0.6249	0.0588235294117647	0.1655629139072847	0.1714285714285714
arg135648	183	42	3	20	0.9523809523809524	5.0	7.0	10	0.238095238095238	3.333333333333333	13	0.0710382513661202	0	0.0	1	0.0238095238095238	1	0.0238095238095238	1	0.0238095238095238	2	0.0476190476190476	0	0	0.0	0.0256410256410256	0.1366120218579235	0.1428571428571428
arg135702	126	20	1	13	0.9285714285714286	6.428571428571429	14.0	0	0.0	0.0	1	0.0079365079365079	0	0.0	0	0.0	1	0.05	2	0.1	0	0.0	0	0	0.6249	0.04	0.1984126984126984	0.3
arg145468	580	118	6	47	0.8545454545454545	5.672727272727273	9.166666666666666	15	0.1271186440677966	2.5	18	0.0310344827586206	0	0.0	2	0.0169491525423728	13	0.1101694915254237	6	0.0508474576271186	1	0.0084745762711864	0	0	0.9324	0.0853658536585365	0.0896551724137931	0.1016949152542373
arg148559	188	37	1	14	0.9333333333333332	6.266666666666667	15.0	1	0.027027027027027	1.0	1	0.0053191489361702	0	0.0	1	0.027027027027027	1	0.027027027027027	4	0.1081081081081081	0	0.0	0	0	0.8913	0.1470588235294117	0.2659574468085106	0.2162162162162162
arg159445	302	57	5	25	0.8928571428571429	6.392857142857143	5.6	9	0.1578947368421052	1.8	7	0.0231788079470198	0	0.0	4	0.0701754385964912	3	0.0526315789473684	6	0.1052631578947368	2	0.0350877192982456	0	0	0.8176	0.0666666666666666	0.0827814569536423	0.1052631578947368
arg167721	394	71	2	33	0.9166666666666666	6.888888888888889	18.0	6	0.0845070422535211	3.0	13	0.032994923857868	0	0.0	3	0.0422535211267605	2	0.028169014084507	3	0.0422535211267605	1	0.0140845070422535	0	0	0.7351	0.1147540983606557	0.2182741116751269	0.2112676056338028
arg168771	153	24	1	13	1.0	7.538461538461538	13.0	2	0.0833333333333333	2.0	8	0.0522875816993464	0	0.0	1	0.0416666666666666	0	0.0	0	0.0	2	0.0833333333333333	0	0	0.0	0.15625	0.5620915032679739	0.625
arg168774	194	36	2	15	0.8333333333333334	6.5	9.0	5	0.1388888888888889	2.5	4	0.0206185567010309	0	0.0	2	0.0555555555555555	2	0.0555555555555555	0	0.0	1	0.0277777777777777	0	0	0.0	0.1621621621621621	0.4432989690721649	0.4166666666666667
arg168778	558	110	3	41	0.8541666666666666	6.270833333333333	16.0	13	0.1181818181818181	4.333333333333333	43	0.0770609318996415	0	0.0	4	0.0363636363636363	11	0.1	6	0.0545454545454545	5	0.0454545454545454	1	0	0.8575	0.0515463917525773	0.1541218637992831	0.1363636363636363
arg168779	93	17	1	11	1.0	6.0	11.0	1	0.0588235294117647	1.0	4	0.043010752688172	0	0.0	0	0.0	2	0.1176470588235294	0	0.0	1	0.0588235294117647	0	0	0.4019	0.1851851851851851	0.9247311827956988	0.8823529411764706
arg168780	275	57	3	23	0.92	6.08	8.333333333333334	10	0.175438596491228	3.333333333333333	14	0.0509090909090909	0	0.0	1	0.0175438596491228	6	0.1052631578947368	4	0.0701754385964912	3	0.0526315789473684	0	0	0.6834	0.16	0.3127272727272727	0.2631578947368421
arg168790	188	35	1	15	1.0	6.466666666666667	15.0	1	0.0285714285714285	1.0	4	0.0212765957446808	0	0.0	2	0.0571428571428571	1	0.0285714285714285	2	0.0571428571428571	2	0.0571428571428571	0	0	0.5267	0.0975609756097561	0.4574468085106383	0.4285714285714285
arg168795	539	100	3	37	0.8222222222222222	6.955555555555556	15.0	12	0.12	4.0	14	0.0259740259740259	0	0.0	3	0.03	4	0.04	5	0.05	1	0.01	0	1	0.7388	0.2	0.1595547309833024	0.15
arg168801	248	46	2	21	0.9545454545454546	6.863636363636363	11.0	4	0.0869565217391304	2.0	2	0.0080645161290322	0	0.0	2	0.0434782608695652	2	0.0434782608695652	1	0.0217391304347826	1	0.0217391304347826	0	0	0.3612	0.1555555555555555	0.3467741935483871	0.3260869565217391
arg168803	313	56	3	27	0.8709677419354839	6.67741935483871	10.333333333333334	5	0.0892857142857142	1.6666666666666667	9	0.0287539936102236	0	0.0	2	0.0357142857142857	0	0.0	0	0.0	0	0.0	0	0	0.0	0.1320754716981132	0.2747603833865815	0.2678571428571428
arg168804	258	48	3	21	0.9130434782608696	6.434782608695652	7.666666666666667	5	0.1041666666666666	1.6666666666666667	6	0.0232558139534883	0	0.0	1	0.0208333333333333	3	0.0625	4	0.0833333333333333	2	0.0416666666666666	0	0	0.5106	0.125	0.3333333333333333	0.3125
arg168807	176	33	3	9	0.6428571428571429	6.857142857142857	4.666666666666667	3	0.0909090909090909	1.0	9	0.0511363636363636	0	0.0	0	0.0	2	0.0606060606060606	0	0.0	1	0.0303030303030303	0	0	0.0	0.3076923076923077	0.4886363636363636	0.4545454545454545
arg168818	459	87	4	26	0.6842105263157895	6.789473684210527	9.5	11	0.1264367816091954	2.75	16	0.0348583877995642	0	0.0	2	0.0229885057471264	4	0.0459770114942528	4	0.0459770114942528	2	0.0229885057471264	0	0	0.92	0.1785714285714285	0.1873638344226579	0.1724137931034483
arg168822	306	59	3	25	0.8928571428571429	6.178571428571429	9.333333333333334	8	0.135593220338983	2.6666666666666665	16	0.0522875816993464	0	0.0	1	0.0169491525423728	3	0.0508474576271186	2	0.0338983050847457	1	0.0169491525423728	0	0	-0.8196	0.1296296296296296	0.2810457516339869	0.2542372881355932
arg168824	450	88	2	28	0.7777777777777778	6.472222222222222	18.0	8	0.0909090909090909	4.0	14	0.0311111111111111	0	0.0	5	0.0568181818181818	5	0.0568181818181818	10	0.1136363636363636	5	0.0568181818181818	0	0	-0.2156	0.2142857142857142	0.1911111111111111	0.1704545454545454
arg168830	183	37	3	15	0.8333333333333334	6.0	6.0	5	0.1351351351351351	1.6666666666666667	5	0.0273224043715847	0	0.0	2	0.054054054054054	4	0.1081081081081081	0	0.0	1	0.027027027027027	0	0	-0.1531	0.1891891891891892	0.4699453551912568	0.4054054054054054
arg168834	353	74	4	25	0.8333333333333334	6.433333333333334	7.5	19	0.2567567567567567	4.75	3	0.0084985835694051	0	0.0	1	0.0135135135135135	5	0.0675675675675675	5	0.0675675675675675	5	0.0675675675675675	0	1	-0.5975	0.1578947368421052	0.2436260623229461	0.2027027027027027
arg168835	298	56	2	24	0.9230769230769232	6.346153846153846	13.0	3	0.0535714285714285	1.5	6	0.0201342281879194	0	0.0	1	0.0178571428571428	4	0.0714285714285714	9	0.1607142857142857	1	0.0178571428571428	0	0	0.5574	0.1111111111111111	0.2885906040268456	0.2678571428571428
arg168836	301	67	4	24	0.8888888888888888	5.592592592592593	6.75	8	0.1194029850746268	2.0	3	0.0099667774086378	0	0.0	1	0.0149253731343283	5	0.0746268656716417	7	0.1044776119402985	2	0.0298507462686567	1	1	-0.7437	0.1111111111111111	0.2857142857142857	0.2238805970149253
arg198376	528	118	9	46	0.9019607843137256	5.431372549019608	5.666666666666667	15	0.1271186440677966	1.6666666666666667	8	0.0151515151515151	0	0.0	4	0.0338983050847457	10	0.0847457627118644	12	0.1016949152542373	0	0.0	2	1	0.96	0.0476190476190476	0.0454545454545454	0.0423728813559322
arg198417	415	75	2	35	0.9210526315789472	6.657894736842105	19.0	8	0.1066666666666666	4.0	2	0.0048192771084337	0	0.0	6	0.08	3	0.04	4	0.0533333333333333	0	0.0	0	0	-0.128	0.0178571428571428	0.0578313253012048	0.0666666666666666
arg198954	257	49	3	22	0.9565217391304348	6.260869565217392	7.666666666666667	7	0.1428571428571428	2.333333333333333	3	0.0116731517509727	0	0.0	1	0.0204081632653061	9	0.1836734693877551	3	0.0612244897959183	2	0.0408163265306122	0	0	-0.462	0.1	0.0894941634241245	0.1020408163265306
arg199159	499	91	4	39	0.8125	6.4375	12.0	11	0.1208791208791208	2.75	3	0.0060120240480961	0	0.0	4	0.0439560439560439	7	0.0769230769230769	7	0.0769230769230769	2	0.0219780219780219	0	0	-0.5243	0.0294117647058823	0.0460921843687374	0.0549450549450549
arg199549	288	51	3	25	0.9615384615384616	6.961538461538462	8.666666666666666	4	0.0784313725490196	1.3333333333333333	3	0.0104166666666666	0	0.0	1	0.0196078431372549	1	0.0196078431372549	4	0.0784313725490196	0	0.0	0	0	-0.7964	0.0681818181818181	0.0798611111111111	0.0980392156862745
arg200133	252	46	1	30	1.0	5.833333333333333	30.0	3	0.0652173913043478	3.0	0	0.0	0	0.0	1	0.0217391304347826	5	0.108695652173913	2	0.0434782608695652	3	0.0652173913043478	0	0	-0.6597	0.0425531914893617	0.0952380952380952	0.108695652173913
arg200706	342	60	3	23	0.8518518518518519	7.37037037037037	9.0	7	0.1166666666666666	2.333333333333333	3	0.0087719298245614	0	0.0	2	0.0333333333333333	3	0.05	3	0.05	0	0.0	0	0	0.765	0.0612244897959183	0.067251461988304	0.0833333333333333
arg202607	67	13	1	7	1.0	5.857142857142857	7.0	2	0.1538461538461538	2.0	1	0.0149253731343283	0	0.0	0	0.0	1	0.0769230769230769	1	0.0769230769230769	0	0.0	1	0	0.0	0.0476190476190476	0.8059701492537313	0.6923076923076923
arg203471	338	69	4	24	0.7741935483870968	5.225806451612903	7.75	4	0.0579710144927536	1.0	4	0.0118343195266272	0	0.0	2	0.0289855072463768	5	0.072463768115942	3	0.0434782608695652	0	0.0	0	0	0.0372	0.1	0.1597633136094674	0.1304347826086956
arg203869	365	80	5	36	0.9473684210526316	5.447368421052632	7.6	20	0.25	4.0	5	0.0136986301369863	0	0.0	3	0.0375	5	0.0625	8	0.1	3	0.0375	0	0	-0.8022	0.0454545454545454	0.0657534246575342	0.0625
arg203922	405	79	3	37	0.8222222222222222	5.622222222222222	15.0	7	0.0886075949367088	2.333333333333333	1	0.0024691358024691	0	0.0	3	0.0379746835443038	4	0.050632911392405	5	0.0632911392405063	2	0.0253164556962025	0	0	0.7845	0.0476190476190476	0.0592592592592592	0.0632911392405063
arg212151	357	75	5	29	0.8285714285714286	5.885714285714286	7.0	18	0.24	3.6	6	0.0168067226890756	0	0.0	3	0.04	4	0.0533333333333333	7	0.0933333333333333	2	0.0266666666666666	0	0	0.3466	0.0363636363636363	0.0672268907563025	0.0666666666666666
arg213068	79	18	1	8	1.0	5.5	8.0	2	0.1111111111111111	2.0	1	0.0126582278481012	0	0.0	0	0.0	2	0.1111111111111111	2	0.1111111111111111	0	0.0	0	1	0.0	0.0	0.6329113924050633	0.4444444444444444
arg213296	188	41	2	14	0.875	5.625	8.0	3	0.073170731707317	1.5	2	0.0106382978723404	0	0.0	1	0.024390243902439	4	0.0975609756097561	7	0.1707317073170731	0	0.0	0	0	0.3612	0.0277777777777777	0.1329787234042553	0.1463414634146341
arg213555	432	90	7	43	0.9555555555555556	5.822222222222222	6.428571428571429	20	0.2222222222222222	2.857142857142857	15	0.0347222222222222	0	0.0	2	0.0222222222222222	4	0.0444444444444444	5	0.0555555555555555	1	0.0111111111111111	0	1	0.8537	0.0289855072463768	0.0578703703703703	0.0666666666666666
arg216634	112	24	1	10	0.8333333333333334	4.5	12.0	3	0.125	3.0	2	0.0178571428571428	0	0.0	2	0.0833333333333333	4	0.1666666666666666	2	0.0833333333333333	1	0.0416666666666666	0	0	-0.1426	0.0714285714285714	0.4821428571428571	0.375
arg219204	587	119	8	49	0.8305084745762712	5.728813559322034	7.375	16	0.134453781512605	2.0	8	0.0136286201022146	0	0.0	3	0.0252100840336134	11	0.0924369747899159	6	0.0504201680672268	0	0.0	0	0	-0.0258	0.0454545454545454	0.1056218057921635	0.0840336134453781
arg219206	686	121	6	50	0.8333333333333334	7.45	10.0	34	0.2809917355371901	5.666666666666667	5	0.0072886297376093	0	0.0	4	0.0330578512396694	9	0.0743801652892562	3	0.024793388429752	2	0.0165289256198347	0	0	-0.142	0.0652173913043478	0.097667638483965	0.1239669421487603
arg219210	66	16	1	7	1.0	4.571428571428571	7.0	0	0.0	0.0	1	0.0151515151515151	0	0.0	0	0.0	0	0.0	0	0.0	0	0.0	0	0	-0.0516	0.0434782608695652	0.9393939393939394	0.625
arg219213	259	50	3	24	0.8571428571428571	6.0	9.333333333333334	7	0.14	2.333333333333333	3	0.0115830115830115	0	0.0	2	0.04	2	0.04	0	0.0	0	0.0	0	0	0.4215	0.0208333333333333	0.2393822393822393	0.2
arg219220	358	61	2	29	0.8285714285714286	6.828571428571428	17.5	5	0.081967213114754	2.5	2	0.0055865921787709	0	0.0	1	0.0163934426229508	0	0.0	0	0.0	1	0.0163934426229508	0	0	-0.0258	0.06	0.1731843575418994	0.1639344262295081
arg219225	647	111	7	48	0.8421052631578947	7.456140350877193	8.142857142857142	27	0.2432432432432432	3.857142857142857	17	0.026275115919629	0	0.0	3	0.027027027027027	7	0.063063063063063	1	0.009009009009009	1	0.009009009009009	3	1	0.5269	0.0760869565217391	0.1035548686244204	0.1351351351351351
arg219227	303	53	2	26	0.8125	6.4375	16.0	7	0.1320754716981132	3.5	8	0.0264026402640264	0	0.0	0	0.0	1	0.0188679245283018	0	0.0	3	0.0566037735849056	0	0	0.0516	0.0217391304347826	0.2046204620462046	0.1886792452830188
arg219232	174	35	1	13	0.9285714285714286	7.071428571428571	14.0	6	0.1714285714285714	6.0	1	0.0057471264367816	0	0.0	2	0.0571428571428571	1	0.0285714285714285	1	0.0285714285714285	0	0.0	0	0	0.0	0.0294117647058823	0.3563218390804598	0.2857142857142857
arg219233	555	107	8	31	0.5740740740740741	5.833333333333333	6.75	10	0.0934579439252336	1.25	9	0.0162162162162162	0	0.0	4	0.0373831775700934	4	0.0373831775700934	2	0.0186915887850467	0	0.0	0	1	0.5179	0.0735294117647058	0.1117117117117117	0.0934579439252336
arg219242	72	16	1	6	1.0	5.166666666666667	6.0	1	0.0625	1.0	1	0.0138888888888888	0	0.0	0	0.0	0	0.0	2	0.125	0	0.0	1	0	-0.7988	0.1071428571428571	0.9305555555555556	0.9375
arg219244	272	51	3	28	0.9333333333333332	5.866666666666666	10.0	6	0.1176470588235294	2.0	7	0.025735294117647	0	0.0	1	0.0196078431372549	3	0.0588235294117647	2	0.0392156862745098	0	0.0	0	0	-0.1513	0.0545454545454545	0.2463235294117647	0.2941176470588235
arg219245	457	82	5	37	0.74	6.34	10.0	16	0.1951219512195122	3.2	9	0.0196936542669584	0	0.0	1	0.0121951219512195	4	0.048780487804878	0	0.0	3	0.0365853658536585	0	0	-0.4588	0.046875	0.1466083150984682	0.1829268292682926
arg219250	68	16	1	6	1.0	5.666666666666667	6.0	2	0.125	2.0	0	0.0	0	0.0	1	0.0625	0	0.0	1	0.0625	0	0.0	1	0	0.0	0.1111111111111111	0.9852941176470588	0.9375
arg219254	489	101	6	47	0.8867924528301887	5.415094339622642	8.833333333333334	18	0.1782178217821782	3.0	11	0.0224948875255623	0	0.0	4	0.0396039603960396	4	0.0396039603960396	4	0.0396039603960396	6	0.0594059405940594	0	0	-0.1027	0.0229885057471264	0.1267893660531697	0.099009900990099
arg219258	401	62	4	28	0.7	7.4	10.0	18	0.2903225806451613	4.5	6	0.0149625935162094	0	0.0	3	0.0483870967741935	3	0.0483870967741935	3	0.0483870967741935	2	0.032258064516129	0	0	-0.9217	0.0925925925925925	0.1670822942643391	0.2419354838709677
arg219259	417	69	4	34	0.7391304347826086	6.5	11.5	6	0.0869565217391304	1.5	4	0.0095923261390887	0	0.0	0	0.0	9	0.1304347826086956	0	0.0	2	0.0289855072463768	0	0	0.1012	0.05	0.1606714628297362	0.217391304347826
arg219261	143	31	2	15	0.9375	5.0625	8.0	3	0.0967741935483871	1.5	2	0.0139860139860139	0	0.0	2	0.064516129032258	2	0.064516129032258	2	0.064516129032258	0	0.0	0	0	0.7783	0.0526315789473684	0.4335664335664335	0.3225806451612903
arg219268	57	11	1	5	0.8333333333333334	6.333333333333333	6.0	1	0.0909090909090909	1.0	1	0.0175438596491228	0	0.0	1	0.0909090909090909	0	0.0	0	0.0	1	0.0909090909090909	0	0	0.7003	0.0416666666666666	1.1754385964912282	1.3636363636363635
arg219293	229	35	4	13	0.9285714285714286	10.714285714285714	3.5	21	0.6	5.25	4	0.0174672489082969	0	0.0	0	0.0	2	0.0571428571428571	2	0.0571428571428571	2	0.0571428571428571	2	0	-0.6316	0.0217391304347826	0.2925764192139738	0.4285714285714285
arg223675	447	85	3	31	0.8157894736842105	6.631578947368421	12.666666666666666	19	0.2235294117647059	6.333333333333333	16	0.0357941834451901	0	0.0	4	0.0470588235294117	7	0.0823529411764705	8	0.0941176470588235	2	0.0235294117647058	0	0	-0.0129	0.0634920634920634	0.0559284116331096	0.0705882352941176
arg229241	442	87	5	35	0.945945945945946	7.216216216216216	7.4	20	0.2298850574712643	4.0	6	0.0135746606334841	0	0.0	5	0.057471264367816	4	0.0459770114942528	3	0.0344827586206896	0	0.0	0	0	-0.6484	0.0461538461538461	0.0791855203619909	0.057471264367816
arg229317	341	69	6	27	0.8709677419354839	5.935483870967742	5.166666666666667	8	0.1159420289855072	1.3333333333333333	8	0.0234604105571847	0	0.0	2	0.0289855072463768	4	0.0579710144927536	3	0.0434782608695652	0	0.0	0	1	0.5868	0.0754716981132075	0.1026392961876832	0.072463768115942
arg229484	122	27	1	7	0.7	5.3	10.0	2	0.074074074074074	2.0	2	0.0163934426229508	0	0.0	1	0.037037037037037	2	0.074074074074074	0	0.0	0	0.0	0	0	0.25	0.0384615384615384	0.2868852459016393	0.1851851851851851
arg230311	87	20	1	8	1.0	4.75	8.0	1	0.05	1.0	3	0.0344827586206896	0	0.0	1	0.05	1	0.05	3	0.15	0	0.0	0	0	-0.0276	0.0	0.4022988505747126	0.25
arg230691	565	106	2	40	0.7272727272727273	5.727272727272728	27.5	5	0.0471698113207547	2.5	4	0.0070796460176991	0	0.0	5	0.0471698113207547	5	0.0471698113207547	8	0.0754716981132075	1	0.0094339622641509	1	0	-0.126	0.0833333333333333	0.0884955752212389	0.0754716981132075
arg231491	194	43	3	14	0.875	6.1875	5.333333333333333	10	0.2325581395348837	3.333333333333333	6	0.0309278350515463	0	0.0	0	0.0	7	0.1627906976744186	4	0.0930232558139534	2	0.0465116279069767	4	0	0.3952	0.0285714285714285	0.1804123711340206	0.1162790697674418
arg231620	121	22	1	9	1.0	7.0	9.0	2	0.0909090909090909	2.0	2	0.0165289256198347	0	0.0	1	0.0454545454545454	2	0.0909090909090909	1	0.0454545454545454	0	0.0	0	0	0.0	0.0	0.2892561983471074	0.2272727272727272
arg231770	84	18	1	10	1.0	4.5	10.0	0	0.0	0.0	0	0.0	0	0.0	0	0.0	1	0.0555555555555555	0	0.0	2	0.1111111111111111	0	0	-0.0516	0.0476190476190476	0.2738095238095238	0.2777777777777778
arg234411	530	105	6	31	0.6595744680851063	5.957446808510638	7.833333333333333	14	0.1333333333333333	2.333333333333333	7	0.0132075471698113	0	0.0	1	0.0095238095238095	7	0.0666666666666666	3	0.0285714285714285	3	0.0285714285714285	0	0	0.2023	0.0476190476190476	0.0452830188679245	0.0476190476190476
arg236317	102	22	1	7	1.0	5.285714285714286	7.0	0	0.0	0.0	1	0.0098039215686274	0	0.0	0	0.0	3	0.1363636363636363	6	0.2727272727272727	0	0.0	0	0	-0.1022	0.0434782608695652	0.3431372549019608	0.2272727272727272
arg236641	328	64	2	25	0.9615384615384616	7.0	13.0	7	0.109375	3.5	10	0.0304878048780487	0	0.0	3	0.046875	7	0.109375	10	0.15625	2	0.03125	0	0	0.8957	0.0	0.1067073170731707	0.078125
arg238468	264	58	5	19	0.8260869565217391	6.043478260869565	4.6	7	0.1206896551724138	1.4	5	0.0189393939393939	0	0.0	3	0.0517241379310344	5	0.0862068965517241	6	0.1034482758620689	0	0.0	0	1	0.9268	0.0714285714285714	0.0871212121212121	0.0862068965517241
arg238471	566	112	8	38	0.7169811320754716	6.0	6.625	14	0.125	1.75	8	0.0141342756183745	0	0.0	3	0.0267857142857142	5	0.0446428571428571	9	0.0803571428571428	1	0.0089285714285714	0	0	0.7506	0.0441176470588235	0.0406360424028268	0.0446428571428571
arg238473	249	48	2	19	0.8636363636363636	5.954545454545454	11.0	2	0.0416666666666666	1.0	2	0.0080321285140562	0	0.0	1	0.0208333333333333	2	0.0416666666666666	3	0.0625	2	0.0416666666666666	0	0	0.3975	0.0789473684210526	0.0923694779116465	0.1041666666666666
arg240623	151	33	3	13	1.0	5.461538461538462	4.333333333333333	3	0.0909090909090909	1.0	2	0.0132450331125827	0	0.0	0	0.0	2	0.0606060606060606	2	0.0606060606060606	2	0.0606060606060606	0	0	-0.0516	0.0294117647058823	0.2317880794701986	0.1515151515151515
arg240625	115	26	3	10	0.9090909090909092	5.2727272727272725	3.6666666666666665	5	0.1923076923076923	1.6666666666666667	7	0.0608695652173913	0	0.0	0	0.0	2	0.0769230769230769	3	0.1153846153846153	1	0.0384615384615384	4	0	0.8556	0.0	0.3043478260869565	0.1923076923076923
arg244440	349	72	4	26	0.7878787878787878	6.090909090909091	8.25	13	0.1805555555555555	3.25	7	0.0200573065902578	0	0.0	4	0.0555555555555555	4	0.0555555555555555	3	0.0416666666666666	3	0.0416666666666666	0	0	0.8765	0.0392156862745098	0.1002865329512893	0.0694444444444444
arg245105	507	109	9	32	0.8	6.4	4.444444444444445	17	0.1559633027522936	1.8888888888888888	7	0.0138067061143984	0	0.0	2	0.018348623853211	7	0.0642201834862385	8	0.073394495412844	1	0.0091743119266055	0	0	0.4929	0.0735294117647058	0.1065088757396449	0.0825688073394495
arg246334	472	99	7	36	0.9230769230769232	6.333333333333333	5.571428571428571	15	0.1515151515151515	2.142857142857143	10	0.0211864406779661	0	0.0	3	0.0303030303030303	8	0.0808080808080808	10	0.101010101010101	2	0.0202020202020202	0	0	0.8993	0.0289855072463768	0.0741525423728813	0.0505050505050505
arg251309	632	126	6	50	0.847457627118644	5.88135593220339	9.833333333333334	17	0.1349206349206349	2.833333333333333	8	0.0126582278481012	0	0.0	3	0.0238095238095238	6	0.0476190476190476	11	0.0873015873015873	0	0.0	0	0	-0.9559	0.0232558139534883	0.0363924050632911	0.0396825396825396
arg260216	477	99	1	35	0.7777777777777778	5.666666666666667	45.0	16	0.1616161616161616	16.0	23	0.0482180293501048	0	0.0	2	0.0202020202020202	5	0.0505050505050505	4	0.0404040404040404	3	0.0303030303030303	0	0	0.8625	0.0298507462686567	0.090146750524109	0.0909090909090909
arg260899	146	26	2	12	1.0	7.5	6.0	4	0.1538461538461538	2.0	2	0.0136986301369863	0	0.0	3	0.1153846153846153	1	0.0384615384615384	0	0.0	0	0.0	0	0	0.8225	0.1538461538461538	0.3424657534246575	0.3076923076923077
arg270902	198	43	5	21	0.9545454545454546	5.409090909090909	4.4	6	0.1395348837209302	1.2	4	0.0202020202020202	0	0.0	1	0.0232558139534883	0	0.0	6	0.1395348837209302	1	0.0232558139534883	0	0	-0.9325	0.027027027027027	0.1767676767676767	0.1162790697674418
arg271353	439	91	3	42	0.84	4.68	16.666666666666668	5	0.0549450549450549	1.6666666666666667	19	0.0432801822323462	0	0.0	5	0.0549450549450549	12	0.1318681318681318	5	0.0549450549450549	2	0.0219780219780219	0	0	0.8439	0.0657894736842105	0.123006833712984	0.0989010989010989
arg289787	104	25	3	11	0.9166666666666666	5.333333333333333	4.0	6	0.24	2.0	6	0.0576923076923076	0	0.0	0	0.0	3	0.12	3	0.12	0	0.0	0	0	-0.7517	0.04	0.3365384615384615	0.2
arg312577	190	42	5	15	0.8333333333333334	5.777777777777778	3.6	8	0.1904761904761904	1.6	5	0.0263157894736842	0	0.0	0	0.0	5	0.119047619047619	1	0.0238095238095238	3	0.0714285714285714	0	0	0.6115	0.1111111111111111	0.2842105263157894	0.2142857142857142
arg317490	57	12	2	4	1.0	8.25	2.0	2	0.1666666666666666	1.0	3	0.0526315789473684	0	0.0	0	0.0	1	0.0833333333333333	2	0.1666666666666666	0	0.0	0	0	0.0	0.0	0.6140350877192983	0.4166666666666667
arg317750	112	25	1	9	0.9	5.3	10.0	0	0.0	0.0	3	0.0267857142857142	0	0.0	1	0.04	1	0.04	4	0.16	1	0.04	0	0	0.7003	0.1739130434782608	0.2232142857142857	0.24
arg33060	325	62	4	21	0.84	6.08	6.25	4	0.064516129032258	1.0	4	0.0123076923076923	0	0.0	0	0.0	5	0.0806451612903225	7	0.1129032258064516	0	0.0	0	0	0.9042	0.16	0.2061538461538461	0.1774193548387097
arg33069	563	103	5	25	0.4807692307692308	6.576923076923077	10.4	10	0.0970873786407767	2.0	6	0.0106571936056838	0	0.0	0	0.0	4	0.0388349514563106	8	0.0776699029126213	1	0.0097087378640776	0	0	0.2023	0.1509433962264151	0.1172291296625222	0.1067961165048543
arg33070	350	74	3	25	0.8928571428571429	5.107142857142857	9.333333333333334	5	0.0675675675675675	1.6666666666666667	4	0.0114285714285714	0	0.0	3	0.0405405405405405	4	0.054054054054054	12	0.1621621621621621	1	0.0135135135135135	0	0	0.7115	0.1403508771929824	0.1885714285714285	0.1486486486486486
arg33075	313	63	4	27	0.9	5.933333333333334	7.5	11	0.1746031746031746	2.75	11	0.0351437699680511	0	0.0	2	0.0317460317460317	1	0.0158730158730158	4	0.0634920634920634	3	0.0476190476190476	0	0	0.8979	0.0909090909090909	0.2140575079872204	0.1746031746031746
arg33082	487	97	2	36	0.9230769230769232	6.076923076923077	19.5	8	0.0824742268041237	4.0	7	0.0143737166324435	0	0.0	2	0.0206185567010309	1	0.0103092783505154	11	0.1134020618556701	8	0.0824742268041237	0	0	0.9199	0.0684931506849315	0.1375770020533881	0.1134020618556701
arg33086	350	67	4	24	0.8888888888888888	6.444444444444445	6.75	5	0.0746268656716417	1.25	4	0.0114285714285714	0	0.0	2	0.0298507462686567	5	0.0746268656716417	7	0.1044776119402985	0	0.0	0	0	0.9509	0.0754716981132075	0.1885714285714285	0.1641791044776119
arg33089	233	51	2	23	0.9583333333333334	5.208333333333333	12.0	6	0.1176470588235294	3.0	5	0.0214592274678111	0	0.0	2	0.0392156862745098	1	0.0196078431372549	5	0.0980392156862745	0	0.0	0	0	0.9524	0.0192307692307692	0.2875536480686695	0.2156862745098039
arg33099	351	72	2	26	0.8125	5.59375	16.0	7	0.0972222222222222	3.5	2	0.0056980056980056	0	0.0	0	0.0	7	0.0972222222222222	8	0.1111111111111111	1	0.0138888888888888	0	0	0.4749	0.1206896551724138	0.1908831908831909	0.1527777777777778
arg33105	372	80	4	21	0.7241379310344828	5.172413793103448	7.25	8	0.1	2.0	0	0.0	0	0.0	2	0.025	10	0.125	14	0.175	0	0.0	0	0	0.9628	0.0363636363636363	0.1774193548387097	0.1375
arg33115	436	88	5	24	0.631578947368421	5.657894736842105	7.6	8	0.0909090909090909	1.6	7	0.0160550458715596	0	0.0	3	0.034090909090909	6	0.0681818181818181	12	0.1363636363636363	4	0.0454545454545454	0	0	0.9319	0.046875	0.1513761467889908	0.125
arg33118	299	62	4	24	0.96	5.44	6.25	5	0.0806451612903225	1.25	4	0.0133779264214046	0	0.0	1	0.0161290322580645	3	0.0483870967741935	16	0.2580645161290322	0	0.0	0	0	0.8689	0.0545454545454545	0.2207357859531772	0.1774193548387097
arg33119	477	92	3	33	0.825	5.325	13.333333333333334	5	0.0543478260869565	1.6666666666666667	3	0.0062893081761006	0	0.0	1	0.0108695652173913	9	0.0978260869565217	13	0.1413043478260869	1	0.0108695652173913	0	0	0.9489	0.123076923076923	0.140461215932914	0.1195652173913043
arg33123	372	83	4	27	0.84375	5.0625	8.0	8	0.0963855421686747	2.0	7	0.0188172043010752	0	0.0	0	0.0	5	0.0602409638554216	11	0.1325301204819277	0	0.0	0	0	0.9723	0.0833333333333333	0.1774193548387097	0.1325301204819277
arg33126	405	82	4	21	0.6774193548387096	5.774193548387097	7.75	5	0.0609756097560975	1.25	4	0.0098765432098765	0	0.0	2	0.024390243902439	4	0.048780487804878	7	0.0853658536585365	0	0.0	0	0	0.9618	0.1521739130434782	0.1629629629629629	0.1341463414634146
arg33127	322	67	3	17	0.7727272727272727	5.318181818181818	7.333333333333333	3	0.044776119402985	1.0	3	0.0093167701863354	0	0.0	2	0.0298507462686567	7	0.1044776119402985	12	0.1791044776119403	0	0.0	0	0	0.9348	0.14	0.2049689440993788	0.1641791044776119
arg33129	492	108	8	29	0.8055555555555556	5.75	4.5	10	0.0925925925925925	1.25	15	0.0304878048780487	0	0.0	2	0.0185185185185185	10	0.0925925925925925	18	0.1666666666666666	0	0.0	0	1	0.9832	0.0897435897435897	0.1361788617886178	0.1018518518518518
arg33135	523	102	7	43	0.8775510204081632	5.73469387755102	7.0	8	0.0784313725490196	1.1428571428571428	7	0.0133843212237093	0	0.0	2	0.0196078431372549	6	0.0588235294117647	11	0.1078431372549019	0	0.0	0	0	0.899	0.1351351351351351	0.1281070745697896	0.1078431372549019
arg33141	356	70	3	27	0.7714285714285715	5.742857142857143	11.666666666666666	9	0.1285714285714285	3.0	3	0.0084269662921348	0	0.0	3	0.0428571428571428	5	0.0714285714285714	8	0.1142857142857142	0	0.0	0	0	0.7191	0.1346153846153846	0.1882022471910112	0.1571428571428571
arg33143	559	117	5	31	0.62	5.52	10.0	14	0.1196581196581196	2.8	6	0.0107334525939177	0	0.0	1	0.0085470085470085	11	0.094017094017094	16	0.1367521367521367	1	0.0085470085470085	0	0	0.8481	0.0579710144927536	0.1180679785330948	0.094017094017094
arg33162	490	101	5	42	0.9130434782608696	5.782608695652174	9.2	17	0.1683168316831683	3.4	6	0.0122448979591836	0	0.0	4	0.0396039603960396	6	0.0594059405940594	9	0.0891089108910891	1	0.0099009900990099	0	0	0.5964	0.075	0.136734693877551	0.1089108910891089
arg33226	166	41	3	11	1.0	5.2727272727272725	3.6666666666666665	4	0.0975609756097561	1.3333333333333333	4	0.0240963855421686	0	0.0	0	0.0	2	0.048780487804878	14	0.3414634146341463	1	0.024390243902439	0	0	0.1779	0.1818181818181818	0.5120481927710844	0.4878048780487805
arg33233	276	59	3	23	0.8518518518518519	5.592592592592593	9.0	4	0.0677966101694915	1.3333333333333333	5	0.0181159420289855	0	0.0	4	0.0677966101694915	5	0.0847457627118644	14	0.2372881355932203	0	0.0	0	0	0.0959	0.24	0.3079710144927536	0.3389830508474576
arg33243	325	71	1	24	0.8	4.866666666666666	30.0	11	0.1549295774647887	11.0	19	0.0584615384615384	0	0.0	4	0.056338028169014	4	0.056338028169014	15	0.2112676056338028	1	0.0140845070422535	0	0	-0.34	0.1029411764705882	0.2615384615384615	0.2816901408450704
arg33261	599	119	3	45	0.8823529411764706	6.411764705882353	17.0	20	0.1680672268907563	6.666666666666667	4	0.006677796327212	0	0.0	2	0.0168067226890756	6	0.0504201680672268	5	0.042016806722689	3	0.0252100840336134	0	0	-0.9689	0.0898876404494382	0.1352253756260434	0.1596638655462184
arg33270	215	51	4	18	0.9473684210526316	5.157894736842105	4.75	5	0.0980392156862745	1.25	4	0.0186046511627906	0	0.0	1	0.0196078431372549	4	0.0784313725490196	7	0.1372549019607843	0	0.0	0	0	-0.0	0.1632653061224489	0.3953488372093023	0.392156862745098
arg33272	382	83	2	25	0.7575757575757576	5.333333333333333	16.5	10	0.1204819277108433	5.0	5	0.013089005235602	0	0.0	1	0.0120481927710843	8	0.0963855421686747	15	0.180722891566265	0	0.0	0	0	-0.9313	0.2203389830508474	0.2120418848167539	0.2289156626506024
arg33279	337	71	2	18	0.9	6.45	10.0	3	0.0422535211267605	1.5	6	0.0178041543026706	0	0.0	4	0.056338028169014	5	0.0704225352112676	19	0.2676056338028169	0	0.0	0	0	-0.128	0.2549019607843137	0.2522255192878338	0.2816901408450704
arg33280	202	41	2	16	0.9411764705882352	6.117647058823529	8.5	3	0.073170731707317	1.5	4	0.0198019801980198	0	0.0	2	0.048780487804878	4	0.0975609756097561	6	0.1463414634146341	0	0.0	0	0	-0.2023	0.1860465116279069	0.400990099009901	0.4634146341463415
arg33282	305	67	1	23	0.8846153846153846	4.230769230769231	26.0	2	0.0298507462686567	2.0	1	0.0032786885245901	0	0.0	3	0.044776119402985	2	0.0298507462686567	13	0.1940298507462686	0	0.0	0	0	0.7003	0.0677966101694915	0.2655737704918032	0.2835820895522388
arg33284	490	107	4	29	0.7631578947368421	5.657894736842105	9.5	7	0.0654205607476635	1.75	13	0.0265306122448979	0	0.0	6	0.0560747663551401	8	0.0747663551401869	23	0.2149532710280373	0	0.0	0	0	-0.9548	0.1764705882352941	0.1653061224489796	0.1775700934579439
arg33285	143	30	3	13	0.8666666666666667	5.4	5.0	5	0.1666666666666666	1.6666666666666667	4	0.0279720279720279	0	0.0	0	0.0	3	0.1	3	0.1	0	0.0	0	0	-0.7681	0.2162162162162162	0.5944055944055944	0.6666666666666666
arg33288	268	54	2	21	0.9130434782608696	6.304347826086956	11.5	4	0.074074074074074	2.0	2	0.0074626865671641	0	0.0	1	0.0185185185185185	1	0.0185185185185185	5	0.0925925925925925	0	0.0	0	0	0.5824	0.1320754716981132	0.3171641791044776	0.3703703703703703
arg33289	382	86	3	29	0.9666666666666668	5.533333333333333	10.0	6	0.0697674418604651	2.0	5	0.013089005235602	0	0.0	5	0.0581395348837209	10	0.1162790697674418	13	0.1511627906976744	5	0.0581395348837209	0	1	-0.8924	0.1142857142857142	0.2120418848167539	0.2209302325581395
arg33293	282	63	2	22	0.8461538461538461	4.961538461538462	13.0	4	0.0634920634920634	2.0	0	0.0	0	0.0	4	0.0634920634920634	5	0.0793650793650793	7	0.1111111111111111	0	0.0	0	0	-0.9583	0.1147540983606557	0.2872340425531915	0.3015873015873015
arg33298	446	101	4	29	0.7435897435897436	5.128205128205129	9.75	7	0.0693069306930693	1.75	10	0.0224215246636771	0	0.0	4	0.0396039603960396	11	0.1089108910891089	15	0.1485148514851485	0	0.0	0	0	-0.7408	0.1791044776119403	0.1905829596412556	0.198019801980198
arg33319	228	50	2	16	0.7619047619047619	5.333333333333333	10.5	5	0.1	2.5	3	0.0131578947368421	0	0.0	3	0.06	7	0.14	9	0.18	0	0.0	0	0	-0.8658	0.1458333333333333	0.3728070175438596	0.4
arg33323	286	67	5	21	0.84	5.28	5.0	11	0.1641791044776119	2.2	5	0.0174825174825174	0	0.0	1	0.0149253731343283	6	0.0895522388059701	7	0.1044776119402985	1	0.0149253731343283	0	0	-0.9201	0.1896551724137931	0.2832167832167832	0.2835820895522388
arg33339	338	76	5	33	0.8461538461538461	5.076923076923077	7.8	9	0.1184210526315789	1.8	6	0.0177514792899408	0	0.0	3	0.0394736842105263	4	0.0526315789473684	8	0.1052631578947368	0	0.0	0	0	-0.9316	0.1833333333333333	0.2396449704142011	0.25
arg33341	344	84	4	22	0.88	5.4	6.25	8	0.0952380952380952	2.0	9	0.0261627906976744	0	0.0	2	0.0238095238095238	4	0.0476190476190476	19	0.2261904761904762	0	0.0	0	0	-0.5106	0.2711864406779661	0.2470930232558139	0.238095238095238
arg33342	394	87	4	35	0.945945945945946	5.54054054054054	9.25	13	0.1494252873563218	3.25	5	0.0126903553299492	0	0.0	3	0.0344827586206896	3	0.0344827586206896	14	0.160919540229885	2	0.0229885057471264	0	0	-0.9756	0.1428571428571428	0.2055837563451776	0.2183908045977011
arg334884	295	62	1	21	0.9130434782608696	5.652173913043479	23.0	3	0.0483870967741935	3.0	2	0.0067796610169491	0	0.0	3	0.0483870967741935	4	0.064516129032258	7	0.1129032258064516	0	0.0	0	0	0.1045	0.0666666666666666	0.2135593220338983	0.1774193548387097
arg334924	183	36	2	11	0.8461538461538461	6.230769230769231	6.5	4	0.1111111111111111	2.0	0	0.0	0	0.0	0	0.0	5	0.1388888888888889	6	0.1666666666666666	0	0.0	0	0	-0.7506	0.025	0.3442622950819672	0.3055555555555556
arg334934	344	67	2	27	0.7714285714285715	5.428571428571429	17.5	6	0.0895522388059701	3.0	2	0.005813953488372	0	0.0	2	0.0298507462686567	5	0.0746268656716417	4	0.0597014925373134	0	0.0	0	0	-0.886	0.1372549019607843	0.1947674418604651	0.1791044776119403
arg334943	227	40	3	18	0.9473684210526316	6.789473684210527	6.333333333333333	4	0.1	1.3333333333333333	4	0.0176211453744493	0	0.0	2	0.05	0	0.0	0	0.0	0	0.0	0	0	-0.6249	0.0454545454545454	0.2951541850220264	0.3
arg334959	230	49	2	23	0.9583333333333334	4.958333333333333	12.0	8	0.1632653061224489	4.0	0	0.0	0	0.0	0	0.0	6	0.1224489795918367	5	0.1020408163265306	0	0.0	0	0	-0.8316	0.0816326530612244	0.2739130434782608	0.2244897959183673
arg334968	90	16	1	10	1.0	6.0	10.0	1	0.0625	1.0	1	0.0111111111111111	0	0.0	1	0.0625	0	0.0	2	0.125	0	0.0	0	0	-0.8555	0.1666666666666666	0.7444444444444445	0.75
arg334973	109	22	1	8	0.8888888888888888	6.111111111111111	9.0	3	0.1363636363636363	3.0	1	0.0091743119266055	0	0.0	1	0.0454545454545454	0	0.0	2	0.0909090909090909	0	0.0	0	0	0.2144	0.4285714285714285	0.5779816513761468	0.5
